{
	"Data": {
		"1": {
			"Type": "text",
			"Button": "continue",
			"Content": "**Starting a Django Project** \n\n --- \n\n Difficulty: **Beginner** | Duration: **20 Minutes** \n\n Django is a high-level Python Web framework that encourages rapid development and clean, pragmatic design. In this tutorial we’ll be answering the question “How do I setup a Django (1.5, 1.6, 1.7, or 1.8) project from scratch?” In other words, you’ll learn how to install Django and how to set up your Django project structure."
		},

		"2": {
			"Type": "text",
			"Button": "continue",
			"Content": "**Django Install** \n\n Set up your development structure: \n\n **Commands** \n\n $ mkdir django15_project \n\n $ cd django15_project \n\n $ pip install pipenv \n\n $ pipenv install \n\n $ pipenv shell"
		},

		"3": {
			"Type": "text",
			"Button": "continue",
			"Content": "**Installation** \n\n $ pip install django \n\n $ python \n\n >> import django \n\n >> django.get_version() \n\n '3.2.4' \n\n Reference: [https://docs.djangoproject.com/en/3.2/]"
		},

		"4": {
			"Type": "text",
			"Button": "continue",
			"Content": "**Project setup** \n\n Setup Django project \n\n $ django-admin.py startproject my_django15_project \n\n **This creates a new directory called “my_django15_project” with the basic Django directory and structures:** \n\n |---- manage.py \n\n |---- my_django15_project \n\n     |---- __init__.py \n\n     |----settings.py \n\n     |----urls.py \n\n     |----wsgi.py "
		},

		"5": {
			"Type": "text",
			"Button": "continue",
			"Content": "**Setup up your Django app** \n\n Create your new app: \n\n $ python manage.py startapp myapp \n\n |----manage.py \n\n |----my_django15_project \n\n |     |---- __init__.py \n\n |     |----settings.py \n\n |     |----urls.py \n\n |     |----wsgi.py \n\n |----myapp \n\n      |----__init__.py \n\n      |----models.py \n\n      |----tests.py \n\n      |----views.py "
		},

		"6": {
			"Type": "text",
			"Button": "continue",
			"Content": "**Migrate the database changes** \n\n $ python manage.py makemigrations \n\n $ python manage.py migrate "
		},

		"7": {
			"Type": "text",
			"Button": "continue",
			"Content": "**Running the Django app** \n\n $ python manage.py runserver "
		}
	}
}