{
	"Data": {
		"1": {
			"Type": "text",
			"Button": "continue",
			"Content": "**Queues Data Structures** \n\n --- \n\n Difficulty: **Beginner** | Duration: **30 Minutes** \n\n It is possible to use a list as a queue, where the first element added is the first element retrieved (“first-in, first-out”); however, lists are not efficient for this purpose. While appends and pops from the end of list are fast, doing inserts or pops from the beginning of a list is slow (because all of the other elements have to be shifted by one)."
		},

		"2": {
			"Type": "image",
			"imagetype": "image/png",
			"imageurl": "https://trello-attachments.s3.amazonaws.com/5c078fffef1ab2051b0dc327/60a39c2b66beaf1893906dcf/d492435dbe709929a5e114afceb33fb5/queue.png",
			"Button": "continue",
			"Content": "Example Queue"
		},

		"3": {
			"Type": "text",
			"Button": "continue",
			"Content": "To implement a queue, use **collections.deque** which was designed to have fast appends and pops from both ends. \n\n **Source Code** \n\n from **collections** import **deque** \n\n queue = deque(['Devanshu', 'Hackveda', 'Vijay']) \n\n queue.append('Terry') \n\n queue.popleft() \n\n print the queue"
		},

		"4": {
			"Type": "text",
			"Button": "continue",
			"Content": "**Queue Operations** \n\n append(x) \n\n appendleft(x) \n\n clear() \n\n copy() \n\n count(x) \n\n extend(iterable) \n\n extendleft(iterable) \n\n index(x[, start[, stop]]) \n\n insert(i, x) \n\n pop() \n\n popleft() \n\n remove(value) \n\n reverse() \n\n rotate(n=1) \n\n maxlen \n\n Reference: [https://docs.python.org/3/library/collections.html#collections.deque]"
		},

		"5": {
			"Type": "text",
			"Button": "continue",
			"Content": "**Interview Question 1: Implement queue using a List** \n\n class Queue: \n\n > def __init__(self, size): \n\n >> # list to store queue elements \n\n >> self.q = [None] * size  \n\n >> # maximum capacity of the queue \n\n >> self.capacity = size \n\n >> # points to the front element \n\n >> self.front = 0 \n\n >> # points to the last element \n\n >> self.rear = -1 \n\n >> # current size of the queue \n\n >> self.count = 0"
		},

		"6": {
			"Type": "text",
			"Button": "continue",
			"Content": "**Fn to deque front element** \n\n --- \n\n >> def pop(self): \n\n >> # check for queue underflow \n\n >> if self.isEmpty(): \n\n >>> print('Queue Underflow!!') \n\n >>> exit(1) \n\n >> print('Removing element…, self.q[self.front]) \n\n >> self.front = (self.front + 1) % self.capacity \n\n >> self.count = self.count - 1"
		},

		"7": {
			"Type": "text",
			"Button": "continue",
			"Content": "**Fn to add an element to the queue** \n\n --- \n\n > def append(self, value): \n\n >> # check for queue overflow \n\n >> if self.isFull(): \n\n >>> print('Overflow!!') \n\n >>> exit(1) \n\n >> print('Inserting element…', value) \n\n >> self.rear = (self.rear + 1) % self.capacity \n\n >> self.q[self.rear] = value \n\n >> self.count = self.count + 1"
		},

		"8": {
			"Type": "text",
			"Button": "continue",
			"Content": "**Fn to return the front element of the queue** \n\n --- \n\n  > def peek(self): \n\n >> if self.isEmpty(): \n\n >>> print('Queue UnderFlow!!') \n\n >>> exit(1) \n\n >> return self.q[self.front]"
		},

		"9": {
			"Type": "text",
			"Button": "continue",
			"Content": "**Fn to return the size of the queue** \n\n --- \n\n > def size(self): \n\n >> return self.count"
		},

		"10": {
			"Type": "text",
			"Button": "continue",
			"Content": "**Fn to check if the queue is empty or not** \n\n --- \n\n > def isEmpty(self): \n\n >> return self.size() == 0"
		},

		"11": {
			"Type": "text",
			"Button": "continue",
			"Content": "**Fn check if the queue is full or not** \n\n --- \n\n > def isFull(self): \n\n >> return self.size() == self.capacity"
		},

		"12": {
			"Type": "text",
			"Button": "continue",
			"Content": "**Test the Queue Data Structure** \n\n --- \n\n if _ _name_ _ == '_ _main_ _': \n\n > q = Queue(5) \n\n > q.append(1) \n\n > q.append(2) \n\n > q.append(3) \n\n >  print('The queue size is', q.size()) \n\n > print('The front element is', q.peek()) \n\n > q.pop() \n\n > if q.isEmpty(): \n\n >> print('The queue is empty') \n\n > else: \n\n >> print('The queue is not empty')"
		},

		"13": {
			"Type": "video",
			"videotype": "video/mp4",
			"videourl": "https://youtu.be/kbQS8cowWK8",
			"Content": "Interview Question 2 - Generate Binary Numbers between 1 to N using Queues \n\n **Source Code:** [https://github.com/Hackveda/Data-Structures-using-Python/blob/main/queue_generate_binary_number.py]",
			"Button": "continue"
		},

		"14": {
			"Type": "video",
			"videotype": "video/mp4",
			"videourl": "https://youtu.be/SimzeOvS7Bw",
			"Content": "Interview Question 3 - Calculate the height of a binary tree using queues \n\n **Source Code:** [https://github.com/Hackveda/Data-Structures-using-Python/blob/main/queue_calculate_height_binary_tree.py]",
			"Button": "continue"
		},

		"15": {
			"Type": "video",
			"videotype": "video/mp4",
			"videourl": "https://youtu.be/PALIUYTrgDc",
			"Content": "Interview Question 4 - Implement Stack using Queues in Python \n\n **Source Code:** [https://github.com/Hackveda/Data-Structures-using-Python/blob/main/queue_implement_queue_using_stack.py]",
			"Button": "continue"
		},

		"16": {
			"Type": "video",
			"videotype": "video/mp4",
			"videourl": "https://youtu.be/-xdE3Q7G-OM",
			"Content": "Interview Question 5 - Efficiently print all nodes between two given levels in a binary tree \n\n **Source Code:** [https://github.com/Hackveda/Data-Structures-using-Python/blob/main/queue_print_node_between_two_levels_binary_tree.py]",
			"Button": "restart"
		}

	}
}