{
  "/KOLKATTA-BENGALI FOLDER (English)": [
    {
      "category_no": 1,
      "category_name": "KOLKATTA-BENGALI FOLDER (English) - Updated 14.02.2019 copy.docx",
      "SubCategory_no": "1",
      "SubCategory_name": "CHUTNEY"
    },
    {
      "category_no": 1,
      "category_name": "KOLKATTA-BENGALI FOLDER (English) - Updated 14.02.2019 copy.docx",
      "SubCategory_no": "2",
      "SubCategory_name": "GHUGNI"
    },
    {
      "category_no": 1,
      "category_name": "KOLKATTA-BENGALI FOLDER (English) - Updated 14.02.2019 copy.docx",
      "SubCategory_no": "3",
      "SubCategory_name": "VEGETABLES"
    },
    {
      "category_no": 2,
      "category_name": "KOLKATTA-BENGALI FOLDER (English) - Updated 14.02.2019.docx",
      "SubCategory_no": "1",
      "SubCategory_name": "CHUTNEY"
    },
    {
      "category_no": 2,
      "category_name": "KOLKATTA-BENGALI FOLDER (English) - Updated 14.02.2019.docx",
      "SubCategory_no": "2",
      "SubCategory_name": "GHUGNI"
    },
    {
      "category_no": 2,
      "category_name": "KOLKATTA-BENGALI FOLDER (English) - Updated 14.02.2019.docx",
      "SubCategory_no": "3",
      "SubCategory_name": "VEGETABLES"
    }
  ]
}